{"_step": 0, "epoch": 0, "pred_wp": {"_type": "torch.Tensor", "var": 68841.484375, "mean": -133.39772033691406, "min": -628.9291381835938, "max": 230.28457641601562, "10%": -618.6821960449219, "25%": -224.28760528564453, "75%": 3.089536130428314, "90%": 223.5804580688477, "size": 48}, "gathered_loss": [1396.5851308203607], "gathered_detailed_losses": [{"loss_wp": 1387.5087358201356, "loss_bev": 0.8926725287413873, "loss_depth": 1.0311222953301482, "loss_semantic": 0.30462402407282463, "loss_center_heatmap": 5.594904566203944, "loss_wh": 0.041244458590359516, "loss_offset": 0.05603891519531977, "loss_yaw_class": 1.1531280222206184, "loss_yaw_res": 0.0026587681094891423, "loss_velocity": 0.0, "loss_brake": 0.0}], "_timestamp": 1756008795.1072264, "_runtime": 756.3098814487457}
