{"gathered_loss": [1606.4623404036245], "_timestamp": 1756009910.1313484, "gathered_detailed_losses": [{"loss_wp": 1599.378651501123, "loss_bev": 0.9292603686967438, "loss_depth": 1.0391281586895271, "loss_semantic": 0.34093353486139655, "loss_center_heatmap": 3.5629945323730463, "loss_wh": 0.03859323715358438, "loss_offset": 0.05550035844622958, "loss_yaw_class": 1.1144971947300768, "loss_yaw_res": 0.0027826891125937777, "loss_velocity": 0.0, "loss_brake": 0.0}], "pred_wp": {"_type": "torch.Tensor", "var": 20097.9375, "mean": -7.587406158447266, "min": -197.51458740234375, "max": 182.33657836914062, "10%": -190.6031463623047, "25%": -180.71519470214844, "75%": 139.86008071899414, "90%": 178.17380676269534, "size": 48}, "epoch": 0, "_step": 0, "_runtime": 769.1626513004303}
