{"_step": 0, "gathered_loss": [506.92584315663055], "gathered_detailed_losses": [{"loss_wp": 503.15565772644595, "loss_bev": 0.9552799004840292, "loss_depth": 1.037343808629456, "loss_semantic": 0.23933968744400053, "loss_center_heatmap": 0.6874610796778584, "loss_wh": 0.026777899486491105, "loss_offset": 0.050798663907460254, "loss_yaw_class": 0.77069935418226, "loss_yaw_res": 0.002485181736197757, "loss_velocity": 0.0, "loss_brake": 0.0}], "_runtime": 61772.27751970291, "pred_wp": {"_type": "torch.Tensor", "var": 57238.953125, "mean": -107.45419311523438, "min": -746.6942138671875, "max": 232.16513061523438, "10%": -522.185302734375, "25%": -237.95621871948242, "75%": 3.14159232378006, "90%": 144.4380645751953, "size": 216}, "epoch": 0, "_timestamp": 1756072510.179424}
